model,scenario_id,scheduler,pod_mode,gpu_number,queue_time,training_time,wall_clock_time,gpu_utilization,throughput,throughput_unit,image_identity,scaling_efficiency,execution_stage,status,run_id,reason
LGB,lgb-single-cpu,K8s,Single Pod,0,N/A,N/A,N/A,N/A,N/A,N/A,N/A,N/A,not-run,blocked,not-run-lgb-single-cpu-k8s,"matrix execution_allowed=false — The CPU runner path exists, but no observed digest-pinned internal LightGBM image has passed the in-container CPU training smoke; storage approval is also still blocked.; N/A: not executed — quantfm-data local-path is on the root filesystem and fails the mandatory non-root-disk PVC gate; LightGBM CPU runner path exists, but its internal image is not observed-digest-pinned and CPU-smoke-verified"
LGB,lgb-single-cpu,Kueue,Single Pod,0,N/A,N/A,N/A,N/A,N/A,N/A,N/A,N/A,not-run,blocked,not-run-lgb-single-cpu-kueue,"matrix execution_allowed=false — The CPU runner path exists, but no observed digest-pinned internal LightGBM image has passed the in-container CPU training smoke; storage approval is also still blocked.; N/A: not executed — quantfm-data local-path is on the root filesystem and fails the mandatory non-root-disk PVC gate; LightGBM CPU runner path exists, but its internal image is not observed-digest-pinned and CPU-smoke-verified; gpu-dev has no authorized LocalQueue; the prior one-time Kueue exception ended; new bounded authorization is absent"
LGB,lgb-single-cpu,Volcano,Single Pod,0,N/A,N/A,N/A,N/A,N/A,N/A,N/A,N/A,not-run,blocked,not-run-lgb-single-cpu-volcano,"matrix execution_allowed=false — The CPU runner path exists, but no observed digest-pinned internal LightGBM image has passed the in-container CPU training smoke; storage approval is also still blocked.; N/A: not executed — quantfm-data local-path is on the root filesystem and fails the mandatory non-root-disk PVC gate; LightGBM CPU runner path exists, but its internal image is not observed-digest-pinned and CPU-smoke-verified; Volcano Queue khalil-volcano-smoke is absent/not open; new PodGroup/Queue use lacks the dedicated admin and active maintenance authorization"
LGB,lgb-single-gpu1,K8s,Single Pod,1,N/A,N/A,N/A,N/A,N/A,N/A,N/A,N/A,not-run,blocked,not-run-lgb-single-gpu1-k8s,"matrix execution_allowed=false — No digest-pinned LightGBM build has passed an in-container device_type=cuda smoke; wheel provenance alone does not establish the requested CUDA backend, so this GPU cell remains blocked.; N/A: not executed — quantfm-data local-path is on the root filesystem and fails the mandatory non-root-disk PVC gate; current LightGBM candidate has no recorded device_type=cuda smoke; the target CUDA cell requires a separately verified CUDA build and immutable image digest"
LGB,lgb-single-gpu1,Kueue,Single Pod,1,N/A,N/A,N/A,N/A,N/A,N/A,N/A,N/A,not-run,blocked,not-run-lgb-single-gpu1-kueue,"matrix execution_allowed=false — No digest-pinned LightGBM build has passed an in-container device_type=cuda smoke; wheel provenance alone does not establish the requested CUDA backend, so this GPU cell remains blocked.; N/A: not executed — quantfm-data local-path is on the root filesystem and fails the mandatory non-root-disk PVC gate; current LightGBM candidate has no recorded device_type=cuda smoke; the target CUDA cell requires a separately verified CUDA build and immutable image digest; gpu-dev has no authorized LocalQueue; the prior one-time Kueue exception ended; new bounded authorization is absent"
LGB,lgb-single-gpu1,Volcano,Single Pod,1,N/A,N/A,N/A,N/A,N/A,N/A,N/A,N/A,not-run,blocked,not-run-lgb-single-gpu1-volcano,"matrix execution_allowed=false — No digest-pinned LightGBM build has passed an in-container device_type=cuda smoke; wheel provenance alone does not establish the requested CUDA backend, so this GPU cell remains blocked.; N/A: not executed — quantfm-data local-path is on the root filesystem and fails the mandatory non-root-disk PVC gate; current LightGBM candidate has no recorded device_type=cuda smoke; the target CUDA cell requires a separately verified CUDA build and immutable image digest; Volcano Queue khalil-volcano-smoke is absent/not open; new PodGroup/Queue use lacks the dedicated admin and active maintenance authorization"
NN,nn-single-gpu1,K8s,Single Pod,1,N/A,N/A,N/A,N/A,N/A,N/A,N/A,N/A,server-dry-run,blocked,khalil-bm-k8s-9400c4-nn-single-o01cb4a0a-c001-r01,"expected exactly one captured Job, found 0; complete UID-linked Pod scheduling evidence is missing; UID-owned Pod spec.schedulerName does not consistently equal default-scheduler; UID-filtered Scheduled Event reporter does not prove the expected scheduler performed binding; Job Complete condition/completionTime is missing; BENCHMARK_RESULT_JSON training duration is missing; unambiguous BENCHMARK_RESULT_JSON throughput is missing; GPU utilization samples/summary are missing"
NN,nn-single-gpu1,K8s,Single Pod,1,N/A,N/A,N/A,N/A,N/A,N/A,N/A,N/A,server-dry-run,blocked,khalil-bm-k8s-9400c4-nn-single-o1fe23f08-c001-r01,"expected exactly one captured Job, found 0; complete UID-linked Pod scheduling evidence is missing; UID-owned Pod spec.schedulerName does not consistently equal default-scheduler; UID-filtered Scheduled Event reporter does not prove the expected scheduler performed binding; Job Complete condition/completionTime is missing; BENCHMARK_RESULT_JSON training duration is missing; unambiguous BENCHMARK_RESULT_JSON throughput is missing; GPU utilization samples/summary are missing"
NN,nn-single-gpu1,K8s,Single Pod,1,N/A,N/A,N/A,N/A,N/A,N/A,N/A,N/A,readiness-only,blocked,khalil-bm-k8s-9400c4-nn-single-o5f927c39-c010-r02,"runner blocked: unrelated Running GPU requests exist; refusing benchmark submission: gpu-dev/khalil-bm-k8s-1049ae-nn-multip-o7072c9af-c002-r03-0-fxv9l=1, gpu-dev/khalil-bm-k8s-1049ae-nn-multip-o7072c9af-c002-r03-1-t6qsz=1, gpu-dev/khalil-bm-k8s-1049ae-nn-multip-o7072c9af-c002-r03-2-29sk8=1, gpu-dev/khalil-bm-k8s-1049ae-nn-multip-o7072c9af-c002-r03-3-bnwr8=1; expected exactly one captured Job, found 0; complete UID-linked Pod scheduling evidence is missing; UID-owned Pod spec.schedulerName does not consistently equal default-scheduler; UID-filtered Scheduled Event reporter does not prove the expected scheduler performed binding; Job Complete condition/completionTime is missing; BENCHMARK_RESULT_JSON training duration is missing; unambiguous BENCHMARK_RESULT_JSON throughput is missing; GPU utilization samples/summary are missing"
NN,nn-single-gpu1,K8s,Single Pod,1,N/A,N/A,N/A,N/A,N/A,N/A,N/A,N/A,readiness-only,blocked,khalil-bm-k8s-9400c4-nn-single-o5f927c39-c011-r03,"runner blocked: unrelated Running GPU requests exist; refusing benchmark submission: gpu-dev/khalil-bm-k8s-1049ae-nn-multip-o7072c9af-c002-r03-0-fxv9l=1, gpu-dev/khalil-bm-k8s-1049ae-nn-multip-o7072c9af-c002-r03-1-t6qsz=1, gpu-dev/khalil-bm-k8s-1049ae-nn-multip-o7072c9af-c002-r03-2-29sk8=1, gpu-dev/khalil-bm-k8s-1049ae-nn-multip-o7072c9af-c002-r03-3-bnwr8=1; expected exactly one captured Job, found 0; complete UID-linked Pod scheduling evidence is missing; UID-owned Pod spec.schedulerName does not consistently equal default-scheduler; UID-filtered Scheduled Event reporter does not prove the expected scheduler performed binding; Job Complete condition/completionTime is missing; BENCHMARK_RESULT_JSON training duration is missing; unambiguous BENCHMARK_RESULT_JSON throughput is missing; GPU utilization samples/summary are missing"
NN,nn-single-gpu1,K8s,Single Pod,1,N/A,N/A,N/A,N/A,N/A,N/A,N/A,N/A,readiness-only,blocked,khalil-bm-k8s-9400c4-nn-single-odb88644d-c004-r01,"runner blocked: identity lacks required create/evidence/cleanup permissions: create jobs.batch scope=gpu-dev, get jobs.batch scope=gpu-dev, delete jobs.batch scope=gpu-dev, get pods scope=gpu-dev, list pods scope=gpu-dev, get pods/log scope=gpu-dev, list events scope=gpu-dev, list resourcequotas scope=gpu-dev, list pods scope=all-namespaces; expected exactly one captured Job, found 0; complete UID-linked Pod scheduling evidence is missing; UID-owned Pod spec.schedulerName does not consistently equal default-scheduler; UID-filtered Scheduled Event reporter does not prove the expected scheduler performed binding; Job Complete condition/completionTime is missing; BENCHMARK_RESULT_JSON training duration is missing; unambiguous BENCHMARK_RESULT_JSON throughput is missing; GPU utilization samples/summary are missing"
NN,nn-single-gpu1,K8s,Single Pod,1,N/A,N/A,N/A,N/A,N/A,N/A,N/A,N/A,server-dry-run,blocked,khalil-bm-k8s-9400c4-nn-single-odbd326a1-c004-r01,"runner execution blocker: host nvidia-smi reports active compute processes; refusing to kill, preempt, or overlap them; runner execution blocker: training storage gate is closed: The exact claim gpu-dev/quantfm-data is local-path storage and /data resolves to the same /dev/mapper/ubuntu--vg-ubuntu--lv filesystem as /; it is root-disk-backed and therefore ineligible for training even with an approval marker.; runner execution blocker: training storage hard block: the configured PVC is not backed by a verified non-root-disk filesystem; expected exactly one captured Job, found 0; complete UID-linked Pod scheduling evidence is missing; UID-owned Pod spec.schedulerName does not consistently equal default-scheduler; UID-filtered Scheduled Event reporter does not prove the expected scheduler performed binding; Job Complete condition/completionTime is missing; BENCHMARK_RESULT_JSON training duration is missing; unambiguous BENCHMARK_RESULT_JSON throughput is missing; GPU utilization samples/summary are missing"
NN,nn-single-gpu1,K8s,Single Pod,1,N/A,N/A,N/A,N/A,N/A,N/A,N/A,N/A,server-dry-run,blocked,khalil-bm-nn-single-gpu1-k8s-20260803023025-2d6820,"runner execution blocker: host nvidia-smi reports active compute processes; refusing to kill, preempt, or overlap them; runner execution blocker: training storage gate is closed: The exact claim gpu-dev/quantfm-data is local-path storage and /data resolves to the same /dev/mapper/ubuntu--vg-ubuntu--lv filesystem as /; it is root-disk-backed and therefore ineligible for training even with an approval marker.; runner execution blocker: training storage hard block: the configured PVC is not backed by a verified non-root-disk filesystem; expected exactly one captured Job, found 0; complete UID-linked Pod scheduling evidence is missing; UID-owned Pod spec.schedulerName does not consistently equal default-scheduler; UID-filtered Scheduled Event reporter does not prove the expected scheduler performed binding; Job Complete condition/completionTime is missing; BENCHMARK_RESULT_JSON training duration is missing; unambiguous BENCHMARK_RESULT_JSON throughput is missing; GPU utilization samples/summary are missing"
NN,nn-single-gpu1,Kueue,Single Pod,1,N/A,N/A,N/A,N/A,N/A,N/A,N/A,N/A,readiness-only,blocked,khalil-bm-kueue-9400c4-nn-sing-odb88644d-c005-r01,"runner blocked: identity lacks required create/evidence/cleanup permissions: create jobs.batch scope=gpu-dev, get jobs.batch scope=gpu-dev, delete jobs.batch scope=gpu-dev, get pods scope=gpu-dev, list pods scope=gpu-dev, get pods/log scope=gpu-dev, list events scope=gpu-dev, list resourcequotas scope=gpu-dev, list pods scope=all-namespaces, get localqueues.kueue.x-k8s.io scope=gpu-dev, get clusterqueues.kueue.x-k8s.io scope=cluster, get workloads.kueue.x-k8s.io scope=gpu-dev, list workloads.kueue.x-k8s.io scope=gpu-dev; expected exactly one captured Job, found 0; complete UID-linked Pod scheduling evidence is missing; UID-owned Pod spec.schedulerName does not consistently equal default-scheduler; UID-filtered Scheduled Event reporter does not prove the expected scheduler performed binding; Job Complete condition/completionTime is missing; BENCHMARK_RESULT_JSON training duration is missing; unambiguous BENCHMARK_RESULT_JSON throughput is missing; GPU utilization samples/summary are missing; Kueue run lacks a Job-UID-owned Workload with QuotaReserved=True and Admitted=True"
NN,nn-single-gpu1,Kueue,Single Pod,1,N/A,N/A,N/A,N/A,N/A,N/A,N/A,N/A,server-dry-run,blocked,khalil-bm-kueue-9400c4-nn-sing-odbd326a1-c005-r01,"runner execution blocker: host nvidia-smi reports active compute processes; refusing to kill, preempt, or overlap them; runner execution blocker: training storage gate is closed: The exact claim gpu-dev/quantfm-data is local-path storage and /data resolves to the same /dev/mapper/ubuntu--vg-ubuntu--lv filesystem as /; it is root-disk-backed and therefore ineligible for training even with an approval marker.; runner execution blocker: training storage hard block: the configured PVC is not backed by a verified non-root-disk filesystem; runner execution blocker: Kueue execution is blocked: the previous one-time exception has ended; The 2026-07-31 one-time exceptions have ended. gpu-dev currently has no LocalQueue, the dedicated Volcano administrator kubeconfig is absent, and a new bounded AGENTS.md authorization plus active maintenance window are required before execution.; runner execution blocker: required Kueue LocalQueue gpu-dev/khalil-kueue-eval is absent or unreadable: kubectl get localqueue.kueue.x-k8s.io khalil-kueue-eval -o failed: Error from server (NotFound): localqueues.kueue.x-k8s.io ""khalil-kueue-eval"" not found; expected exactly one captured Job, found 0; complete UID-linked Pod scheduling evidence is missing; UID-owned Pod spec.schedulerName does not consistently equal default-scheduler; UID-filtered Scheduled Event reporter does not prove the expected scheduler performed binding; Job Complete condition/completionTime is missing; BENCHMARK_RESULT_JSON training duration is missing; unambiguous BENCHMARK_RESULT_JSON throughput is missing; GPU utilization samples/summary are missing; Kueue run lacks a Job-UID-owned Workload with QuotaReserved=True and Admitted=True"
NN,nn-single-gpu1,Kueue,Single Pod,1,N/A,N/A,N/A,N/A,N/A,N/A,N/A,N/A,server-dry-run,blocked,khalil-bm-nn-single-gpu1-kueue-20260803023048-e6f40d,"runner execution blocker: host nvidia-smi reports active compute processes; refusing to kill, preempt, or overlap them; runner execution blocker: training storage gate is closed: The exact claim gpu-dev/quantfm-data is local-path storage and /data resolves to the same /dev/mapper/ubuntu--vg-ubuntu--lv filesystem as /; it is root-disk-backed and therefore ineligible for training even with an approval marker.; runner execution blocker: training storage hard block: the configured PVC is not backed by a verified non-root-disk filesystem; runner execution blocker: Kueue execution is blocked: the previous one-time exception has ended; The 2026-07-31 one-time exceptions have ended. gpu-dev currently has no LocalQueue, the dedicated Volcano administrator kubeconfig is absent, and a new bounded AGENTS.md authorization plus active maintenance window are required before execution.; runner execution blocker: required Kueue LocalQueue gpu-dev/khalil-kueue-eval is absent or unreadable: kubectl get localqueue.kueue.x-k8s.io khalil-kueue-eval -o failed: Error from server (NotFound): localqueues.kueue.x-k8s.io ""khalil-kueue-eval"" not found; expected exactly one captured Job, found 0; complete UID-linked Pod scheduling evidence is missing; UID-owned Pod spec.schedulerName does not consistently equal default-scheduler; UID-filtered Scheduled Event reporter does not prove the expected scheduler performed binding; Job Complete condition/completionTime is missing; BENCHMARK_RESULT_JSON training duration is missing; unambiguous BENCHMARK_RESULT_JSON throughput is missing; GPU utilization samples/summary are missing; Kueue run lacks a Job-UID-owned Workload with QuotaReserved=True and Admitted=True"
NN,nn-single-gpu1,Volcano,Single Pod,1,N/A,N/A,N/A,N/A,N/A,N/A,N/A,N/A,server-dry-run,blocked,khalil-bm-nn-single-gpu1-volca-20260803023109-5edfcc,"runner execution blocker: server-side dry-run failed: Error from server: error when creating ""STDIN"": admission webhook ""validatepodgroup.volcano.sh"" denied the request: unable to find queue: queue.scheduling.volcano.sh ""khalil-volcano-smoke"" not found; runner execution blocker: host nvidia-smi reports active compute processes; refusing to kill, preempt, or overlap them; runner execution blocker: training storage gate is closed: The exact claim gpu-dev/quantfm-data is local-path storage and /data resolves to the same /dev/mapper/ubuntu--vg-ubuntu--lv filesystem as /; it is root-disk-backed and therefore ineligible for training even with an approval marker.; runner execution blocker: training storage hard block: the configured PVC is not backed by a verified non-root-disk filesystem; runner execution blocker: Volcano execution is blocked: the dedicated administrator kubeconfig/active exception is not available for this run; The 2026-07-31 one-time exceptions have ended. gpu-dev currently has no LocalQueue, the dedicated Volcano administrator kubeconfig is absent, and a new bounded AGENTS.md authorization plus active maintenance window are required before execution.; runner execution blocker: required Volcano Queue is absent or unreadable: kubectl get queue.scheduling.volcano.sh khalil-volcano-smoke -o failed: Error from server (NotFound): queues.scheduling.volcano.sh ""khalil-volcano-smoke"" not found; expected exactly one captured Job, found 0; complete UID-linked Pod scheduling evidence is missing; UID-owned Pod spec.schedulerName does not consistently equal volcano; UID-filtered Scheduled Event reporter does not prove the expected scheduler performed binding; Job Complete condition/completionTime is missing; BENCHMARK_RESULT_JSON training duration is missing; unambiguous BENCHMARK_RESULT_JSON throughput is missing; GPU utilization samples/summary are missing; Volcano run lacks a captured Running PodGroup matched by Pod annotation and metadata.created_uids.podgroup"
NN,nn-single-gpu1,Volcano,Single Pod,1,N/A,N/A,N/A,N/A,N/A,N/A,N/A,N/A,readiness-only,blocked,khalil-bm-volcano-9400c4-nn-si-odb88644d-c006-r01,"runner blocked: identity lacks required create/evidence/cleanup permissions: create jobs.batch scope=gpu-dev, get jobs.batch scope=gpu-dev, delete jobs.batch scope=gpu-dev, get pods scope=gpu-dev, list pods scope=gpu-dev, get pods/log scope=gpu-dev, list events scope=gpu-dev, list resourcequotas scope=gpu-dev, list pods scope=all-namespaces, create podgroups.scheduling.volcano.sh scope=gpu-dev, get podgroups.scheduling.volcano.sh scope=gpu-dev, delete podgroups.scheduling.volcano.sh scope=gpu-dev, get queues.scheduling.volcano.sh scope=cluster; expected exactly one captured Job, found 0; complete UID-linked Pod scheduling evidence is missing; UID-owned Pod spec.schedulerName does not consistently equal volcano; UID-filtered Scheduled Event reporter does not prove the expected scheduler performed binding; Job Complete condition/completionTime is missing; BENCHMARK_RESULT_JSON training duration is missing; unambiguous BENCHMARK_RESULT_JSON throughput is missing; GPU utilization samples/summary are missing; Volcano run lacks a captured Running PodGroup matched by Pod annotation and metadata.created_uids.podgroup"
NN,nn-single-gpu1,Volcano,Single Pod,1,N/A,N/A,N/A,N/A,N/A,N/A,N/A,N/A,server-dry-run,blocked,khalil-bm-volcano-9400c4-nn-si-odbd326a1-c006-r01,"runner execution blocker: server-side dry-run failed: Error from server: error when creating ""STDIN"": admission webhook ""validatepodgroup.volcano.sh"" denied the request: unable to find queue: queue.scheduling.volcano.sh ""khalil-volcano-smoke"" not found; runner execution blocker: host nvidia-smi reports active compute processes; refusing to kill, preempt, or overlap them; runner execution blocker: training storage gate is closed: The exact claim gpu-dev/quantfm-data is local-path storage and /data resolves to the same /dev/mapper/ubuntu--vg-ubuntu--lv filesystem as /; it is root-disk-backed and therefore ineligible for training even with an approval marker.; runner execution blocker: training storage hard block: the configured PVC is not backed by a verified non-root-disk filesystem; runner execution blocker: Volcano execution is blocked: the dedicated administrator kubeconfig/active exception is not available for this run; The 2026-07-31 one-time exceptions have ended. gpu-dev currently has no LocalQueue, the dedicated Volcano administrator kubeconfig is absent, and a new bounded AGENTS.md authorization plus active maintenance window are required before execution.; runner execution blocker: required Volcano Queue is absent or unreadable: kubectl get queue.scheduling.volcano.sh khalil-volcano-smoke -o failed: Error from server (NotFound): queues.scheduling.volcano.sh ""khalil-volcano-smoke"" not found; expected exactly one captured Job, found 0; complete UID-linked Pod scheduling evidence is missing; UID-owned Pod spec.schedulerName does not consistently equal volcano; UID-filtered Scheduled Event reporter does not prove the expected scheduler performed binding; Job Complete condition/completionTime is missing; BENCHMARK_RESULT_JSON training duration is missing; unambiguous BENCHMARK_RESULT_JSON throughput is missing; GPU utilization samples/summary are missing; Volcano run lacks a captured Running PodGroup matched by Pod annotation and metadata.created_uids.podgroup"
NN,nn-multipod-gpu4,K8s,Multi Pod,4,N/A,N/A,N/A,N/A,N/A,N/A,N/A,N/A,server-dry-run,blocked,khalil-bm-k8s-1049ae-nn-multip-o01cb4a0a-c002-r01,"expected exactly one captured Job, found 0; complete UID-linked Pod scheduling evidence is missing; UID-owned Pod spec.schedulerName does not consistently equal default-scheduler; UID-filtered Scheduled Event reporter does not prove the expected scheduler performed binding; Job Complete condition/completionTime is missing; BENCHMARK_RESULT_JSON training duration is missing; unambiguous BENCHMARK_RESULT_JSON throughput is missing; GPU utilization samples/summary are missing"
NN,nn-multipod-gpu4,K8s,Multi Pod,4,N/A,N/A,N/A,N/A,N/A,N/A,N/A,N/A,server-dry-run,blocked,khalil-bm-k8s-1049ae-nn-multip-o1fe23f08-c002-r01,"expected exactly one captured Job, found 0; complete UID-linked Pod scheduling evidence is missing; UID-owned Pod spec.schedulerName does not consistently equal default-scheduler; UID-filtered Scheduled Event reporter does not prove the expected scheduler performed binding; Job Complete condition/completionTime is missing; BENCHMARK_RESULT_JSON training duration is missing; unambiguous BENCHMARK_RESULT_JSON throughput is missing; GPU utilization samples/summary are missing"
NN,nn-multipod-gpu4,K8s,Multi Pod,4,N/A,N/A,N/A,N/A,N/A,N/A,N/A,N/A,readiness-only,blocked,khalil-bm-k8s-1049ae-nn-multip-o5f927c39-c009-r01,"runner blocked: unrelated Running GPU requests exist; refusing benchmark submission: gpu-dev/khalil-bm-k8s-1049ae-nn-multip-o7072c9af-c002-r03-0-fxv9l=1, gpu-dev/khalil-bm-k8s-1049ae-nn-multip-o7072c9af-c002-r03-1-t6qsz=1, gpu-dev/khalil-bm-k8s-1049ae-nn-multip-o7072c9af-c002-r03-2-29sk8=1, gpu-dev/khalil-bm-k8s-1049ae-nn-multip-o7072c9af-c002-r03-3-bnwr8=1; expected exactly one captured Job, found 0; complete UID-linked Pod scheduling evidence is missing; UID-owned Pod spec.schedulerName does not consistently equal default-scheduler; UID-filtered Scheduled Event reporter does not prove the expected scheduler performed binding; Job Complete condition/completionTime is missing; BENCHMARK_RESULT_JSON training duration is missing; unambiguous BENCHMARK_RESULT_JSON throughput is missing; GPU utilization samples/summary are missing"
NN,nn-multipod-gpu4,K8s,Multi Pod,4,N/A,N/A,N/A,N/A,N/A,N/A,N/A,N/A,readiness-only,blocked,khalil-bm-k8s-1049ae-nn-multip-odb88644d-c007-r01,"runner blocked: identity lacks required create/evidence/cleanup permissions: create jobs.batch scope=gpu-dev, get jobs.batch scope=gpu-dev, delete jobs.batch scope=gpu-dev, get pods scope=gpu-dev, list pods scope=gpu-dev, get pods/log scope=gpu-dev, list events scope=gpu-dev, list resourcequotas scope=gpu-dev, list pods scope=all-namespaces, create services scope=gpu-dev, get services scope=gpu-dev, delete services scope=gpu-dev; expected exactly one captured Job, found 0; complete UID-linked Pod scheduling evidence is missing; UID-owned Pod spec.schedulerName does not consistently equal default-scheduler; UID-filtered Scheduled Event reporter does not prove the expected scheduler performed binding; Job Complete condition/completionTime is missing; BENCHMARK_RESULT_JSON training duration is missing; unambiguous BENCHMARK_RESULT_JSON throughput is missing; GPU utilization samples/summary are missing"
NN,nn-multipod-gpu4,K8s,Multi Pod,4,N/A,N/A,N/A,N/A,N/A,N/A,N/A,N/A,server-dry-run,blocked,khalil-bm-k8s-1049ae-nn-multip-odbd326a1-c007-r01,"runner execution blocker: host nvidia-smi reports active compute processes; refusing to kill, preempt, or overlap them; runner execution blocker: training storage gate is closed: The exact claim gpu-dev/quantfm-data is local-path storage and /data resolves to the same /dev/mapper/ubuntu--vg-ubuntu--lv filesystem as /; it is root-disk-backed and therefore ineligible for training even with an approval marker.; runner execution blocker: training storage hard block: the configured PVC is not backed by a verified non-root-disk filesystem; expected exactly one captured Job, found 0; complete UID-linked Pod scheduling evidence is missing; UID-owned Pod spec.schedulerName does not consistently equal default-scheduler; UID-filtered Scheduled Event reporter does not prove the expected scheduler performed binding; Job Complete condition/completionTime is missing; BENCHMARK_RESULT_JSON training duration is missing; unambiguous BENCHMARK_RESULT_JSON throughput is missing; GPU utilization samples/summary are missing"
NN,nn-multipod-gpu4,Kueue,Multi Pod,4,N/A,N/A,N/A,N/A,N/A,N/A,N/A,N/A,readiness-only,blocked,khalil-bm-kueue-1049ae-nn-mult-odb88644d-c008-r01,"runner blocked: identity lacks required create/evidence/cleanup permissions: create jobs.batch scope=gpu-dev, get jobs.batch scope=gpu-dev, delete jobs.batch scope=gpu-dev, get pods scope=gpu-dev, list pods scope=gpu-dev, get pods/log scope=gpu-dev, list events scope=gpu-dev, list resourcequotas scope=gpu-dev, list pods scope=all-namespaces, create services scope=gpu-dev, get services scope=gpu-dev, delete services scope=gpu-dev, get localqueues.kueue.x-k8s.io scope=gpu-dev, get clusterqueues.kueue.x-k8s.io scope=cluster, get workloads.kueue.x-k8s.io scope=gpu-dev, list workloads.kueue.x-k8s.io scope=gpu-dev; expected exactly one captured Job, found 0; complete UID-linked Pod scheduling evidence is missing; UID-owned Pod spec.schedulerName does not consistently equal default-scheduler; UID-filtered Scheduled Event reporter does not prove the expected scheduler performed binding; Job Complete condition/completionTime is missing; BENCHMARK_RESULT_JSON training duration is missing; unambiguous BENCHMARK_RESULT_JSON throughput is missing; GPU utilization samples/summary are missing; Kueue run lacks a Job-UID-owned Workload with QuotaReserved=True and Admitted=True"
NN,nn-multipod-gpu4,Kueue,Multi Pod,4,N/A,N/A,N/A,N/A,N/A,N/A,N/A,N/A,server-dry-run,blocked,khalil-bm-kueue-1049ae-nn-mult-odbd326a1-c008-r01,"runner execution blocker: host nvidia-smi reports active compute processes; refusing to kill, preempt, or overlap them; runner execution blocker: training storage gate is closed: The exact claim gpu-dev/quantfm-data is local-path storage and /data resolves to the same /dev/mapper/ubuntu--vg-ubuntu--lv filesystem as /; it is root-disk-backed and therefore ineligible for training even with an approval marker.; runner execution blocker: training storage hard block: the configured PVC is not backed by a verified non-root-disk filesystem; runner execution blocker: Kueue execution is blocked: the previous one-time exception has ended; The 2026-07-31 one-time exceptions have ended. gpu-dev currently has no LocalQueue, the dedicated Volcano administrator kubeconfig is absent, and a new bounded AGENTS.md authorization plus active maintenance window are required before execution.; runner execution blocker: required Kueue LocalQueue gpu-dev/khalil-kueue-eval is absent or unreadable: kubectl get localqueue.kueue.x-k8s.io khalil-kueue-eval -o failed: Error from server (NotFound): localqueues.kueue.x-k8s.io ""khalil-kueue-eval"" not found; expected exactly one captured Job, found 0; complete UID-linked Pod scheduling evidence is missing; UID-owned Pod spec.schedulerName does not consistently equal default-scheduler; UID-filtered Scheduled Event reporter does not prove the expected scheduler performed binding; Job Complete condition/completionTime is missing; BENCHMARK_RESULT_JSON training duration is missing; unambiguous BENCHMARK_RESULT_JSON throughput is missing; GPU utilization samples/summary are missing; Kueue run lacks a Job-UID-owned Workload with QuotaReserved=True and Admitted=True"
NN,nn-multipod-gpu4,Volcano,Multi Pod,4,N/A,N/A,N/A,N/A,N/A,N/A,N/A,N/A,readiness-only,blocked,khalil-bm-volcano-1049ae-nn-mu-odb88644d-c009-r01,"runner blocked: identity lacks required create/evidence/cleanup permissions: create jobs.batch scope=gpu-dev, get jobs.batch scope=gpu-dev, delete jobs.batch scope=gpu-dev, get pods scope=gpu-dev, list pods scope=gpu-dev, get pods/log scope=gpu-dev, list events scope=gpu-dev, list resourcequotas scope=gpu-dev, list pods scope=all-namespaces, create services scope=gpu-dev, get services scope=gpu-dev, delete services scope=gpu-dev, create podgroups.scheduling.volcano.sh scope=gpu-dev, get podgroups.scheduling.volcano.sh scope=gpu-dev, delete podgroups.scheduling.volcano.sh scope=gpu-dev, get queues.scheduling.volcano.sh scope=cluster; expected exactly one captured Job, found 0; complete UID-linked Pod scheduling evidence is missing; UID-owned Pod spec.schedulerName does not consistently equal volcano; UID-filtered Scheduled Event reporter does not prove the expected scheduler performed binding; Job Complete condition/completionTime is missing; BENCHMARK_RESULT_JSON training duration is missing; unambiguous BENCHMARK_RESULT_JSON throughput is missing; GPU utilization samples/summary are missing; Volcano run lacks a captured Running PodGroup matched by Pod annotation and metadata.created_uids.podgroup"
NN,nn-multipod-gpu4,Volcano,Multi Pod,4,N/A,N/A,N/A,N/A,N/A,N/A,N/A,N/A,server-dry-run,blocked,khalil-bm-volcano-1049ae-nn-mu-odbd326a1-c009-r01,"runner execution blocker: server-side dry-run failed: Error from server: error when creating ""STDIN"": admission webhook ""validatepodgroup.volcano.sh"" denied the request: unable to find queue: queue.scheduling.volcano.sh ""khalil-volcano-smoke"" not found; runner execution blocker: host nvidia-smi reports active compute processes; refusing to kill, preempt, or overlap them; runner execution blocker: training storage gate is closed: The exact claim gpu-dev/quantfm-data is local-path storage and /data resolves to the same /dev/mapper/ubuntu--vg-ubuntu--lv filesystem as /; it is root-disk-backed and therefore ineligible for training even with an approval marker.; runner execution blocker: training storage hard block: the configured PVC is not backed by a verified non-root-disk filesystem; runner execution blocker: Volcano execution is blocked: the dedicated administrator kubeconfig/active exception is not available for this run; The 2026-07-31 one-time exceptions have ended. gpu-dev currently has no LocalQueue, the dedicated Volcano administrator kubeconfig is absent, and a new bounded AGENTS.md authorization plus active maintenance window are required before execution.; runner execution blocker: required Volcano Queue is absent or unreadable: kubectl get queue.scheduling.volcano.sh khalil-volcano-smoke -o failed: Error from server (NotFound): queues.scheduling.volcano.sh ""khalil-volcano-smoke"" not found; expected exactly one captured Job, found 0; complete UID-linked Pod scheduling evidence is missing; UID-owned Pod spec.schedulerName does not consistently equal volcano; UID-filtered Scheduled Event reporter does not prove the expected scheduler performed binding; Job Complete condition/completionTime is missing; BENCHMARK_RESULT_JSON training duration is missing; unambiguous BENCHMARK_RESULT_JSON throughput is missing; GPU utilization samples/summary are missing; Volcano run lacks a captured Running PodGroup matched by Pod annotation and metadata.created_uids.podgroup"
Transformer,transformer-single-gpu8,K8s,Single Pod,8,N/A,N/A,N/A,N/A,N/A,N/A,N/A,N/A,not-run,blocked,not-run-transformer-single-gpu8-k8s,matrix execution_allowed=false — Requires eight GPUs but gpu-dev has a hard four-GPU quota and the runner refuses requests above four.; N/A: not executed — requires 8 GPUs but gpu-dev quota hard=4 and runner safety max=4; quantfm-data local-path is on the root filesystem and fails the mandatory non-root-disk PVC gate
Transformer,transformer-single-gpu8,Kueue,Single Pod,8,N/A,N/A,N/A,N/A,N/A,N/A,N/A,N/A,not-run,blocked,not-run-transformer-single-gpu8-kueue,matrix execution_allowed=false — Requires eight GPUs but gpu-dev has a hard four-GPU quota and the runner refuses requests above four.; N/A: not executed — requires 8 GPUs but gpu-dev quota hard=4 and runner safety max=4; quantfm-data local-path is on the root filesystem and fails the mandatory non-root-disk PVC gate; gpu-dev has no authorized LocalQueue; the prior one-time Kueue exception ended; new bounded authorization is absent
Transformer,transformer-single-gpu8,Volcano,Single Pod,8,N/A,N/A,N/A,N/A,N/A,N/A,N/A,N/A,not-run,blocked,not-run-transformer-single-gpu8-volcano,matrix execution_allowed=false — Requires eight GPUs but gpu-dev has a hard four-GPU quota and the runner refuses requests above four.; N/A: not executed — requires 8 GPUs but gpu-dev quota hard=4 and runner safety max=4; quantfm-data local-path is on the root filesystem and fails the mandatory non-root-disk PVC gate; Volcano Queue khalil-volcano-smoke is absent/not open; new PodGroup/Queue use lacks the dedicated admin and active maintenance authorization
Transformer,transformer-multipod-gpu8,K8s,Multi Pod,8,N/A,N/A,N/A,N/A,N/A,N/A,N/A,N/A,not-run,blocked,not-run-transformer-multipod-gpu8-k8s,matrix execution_allowed=false — Requires eight GPUs but gpu-dev has a hard four-GPU quota and the runner refuses requests above four.; N/A: not executed — requires 8 GPUs but gpu-dev quota hard=4 and runner safety max=4; quantfm-data local-path is on the root filesystem and fails the mandatory non-root-disk PVC gate
Transformer,transformer-multipod-gpu8,Kueue,Multi Pod,8,N/A,N/A,N/A,N/A,N/A,N/A,N/A,N/A,not-run,blocked,not-run-transformer-multipod-gpu8-kueue,matrix execution_allowed=false — Requires eight GPUs but gpu-dev has a hard four-GPU quota and the runner refuses requests above four.; N/A: not executed — requires 8 GPUs but gpu-dev quota hard=4 and runner safety max=4; quantfm-data local-path is on the root filesystem and fails the mandatory non-root-disk PVC gate; gpu-dev has no authorized LocalQueue; the prior one-time Kueue exception ended; new bounded authorization is absent
Transformer,transformer-multipod-gpu8,Volcano,Multi Pod,8,N/A,N/A,N/A,N/A,N/A,N/A,N/A,N/A,not-run,blocked,not-run-transformer-multipod-gpu8-volcano,matrix execution_allowed=false — Requires eight GPUs but gpu-dev has a hard four-GPU quota and the runner refuses requests above four.; N/A: not executed — requires 8 GPUs but gpu-dev quota hard=4 and runner safety max=4; quantfm-data local-path is on the root filesystem and fails the mandatory non-root-disk PVC gate; Volcano Queue khalil-volcano-smoke is absent/not open; new PodGroup/Queue use lacks the dedicated admin and active maintenance authorization
Transformer,production-contention-a-transformer8,K8s,Multi Pod,8,N/A,N/A,N/A,N/A,N/A,N/A,N/A,N/A,not-run,blocked,not-run-production-contention-a-transformer8-k8s,matrix execution_allowed=false — The requested concurrent 8+2 GPU pressure test exceeds both the four-GPU namespace quota and the runner safety ceiling.; N/A: not executed — requires 8 GPUs but gpu-dev quota hard=4 and runner safety max=4; quantfm-data local-path is on the root filesystem and fails the mandatory non-root-disk PVC gate
Transformer,production-contention-a-transformer8,Kueue,Multi Pod,8,N/A,N/A,N/A,N/A,N/A,N/A,N/A,N/A,not-run,blocked,not-run-production-contention-a-transformer8-kueue,matrix execution_allowed=false — The requested concurrent 8+2 GPU pressure test exceeds both the four-GPU namespace quota and the runner safety ceiling.; N/A: not executed — requires 8 GPUs but gpu-dev quota hard=4 and runner safety max=4; quantfm-data local-path is on the root filesystem and fails the mandatory non-root-disk PVC gate; gpu-dev has no authorized LocalQueue; the prior one-time Kueue exception ended; new bounded authorization is absent
Transformer,production-contention-a-transformer8,Volcano,Multi Pod,8,N/A,N/A,N/A,N/A,N/A,N/A,N/A,N/A,not-run,blocked,not-run-production-contention-a-transformer8-volcano,matrix execution_allowed=false — The requested concurrent 8+2 GPU pressure test exceeds both the four-GPU namespace quota and the runner safety ceiling.; N/A: not executed — requires 8 GPUs but gpu-dev quota hard=4 and runner safety max=4; quantfm-data local-path is on the root filesystem and fails the mandatory non-root-disk PVC gate; Volcano Queue khalil-volcano-smoke is absent/not open; new PodGroup/Queue use lacks the dedicated admin and active maintenance authorization
NN,production-contention-b-nn2,K8s,Single Pod,2,N/A,N/A,N/A,N/A,N/A,N/A,N/A,N/A,not-run,blocked,not-run-production-contention-b-nn2-k8s,"matrix execution_allowed=false — This row is part of the requested concurrent A(8 GPU)+B(2 GPU)+C(CPU) pressure group, whose aggregate GPU demand is unsafe under the four-GPU quota.; N/A: not executed — quantfm-data local-path is on the root filesystem and fails the mandatory non-root-disk PVC gate"
NN,production-contention-b-nn2,Kueue,Single Pod,2,N/A,N/A,N/A,N/A,N/A,N/A,N/A,N/A,not-run,blocked,not-run-production-contention-b-nn2-kueue,"matrix execution_allowed=false — This row is part of the requested concurrent A(8 GPU)+B(2 GPU)+C(CPU) pressure group, whose aggregate GPU demand is unsafe under the four-GPU quota.; N/A: not executed — quantfm-data local-path is on the root filesystem and fails the mandatory non-root-disk PVC gate; gpu-dev has no authorized LocalQueue; the prior one-time Kueue exception ended; new bounded authorization is absent"
NN,production-contention-b-nn2,Volcano,Single Pod,2,N/A,N/A,N/A,N/A,N/A,N/A,N/A,N/A,not-run,blocked,not-run-production-contention-b-nn2-volcano,"matrix execution_allowed=false — This row is part of the requested concurrent A(8 GPU)+B(2 GPU)+C(CPU) pressure group, whose aggregate GPU demand is unsafe under the four-GPU quota.; N/A: not executed — quantfm-data local-path is on the root filesystem and fails the mandatory non-root-disk PVC gate; Volcano Queue khalil-volcano-smoke is absent/not open; new PodGroup/Queue use lacks the dedicated admin and active maintenance authorization"
LGB,production-contention-c-lgb-cpu,K8s,Single Pod,0,N/A,N/A,N/A,N/A,N/A,N/A,N/A,N/A,not-run,blocked,not-run-production-contention-c-lgb-cpu-k8s,"matrix execution_allowed=false — CPU-only pressure Jobs need a separate bounded policy and this row belongs to the unsafe 8+2 GPU concurrent pressure group.; N/A: not executed — quantfm-data local-path is on the root filesystem and fails the mandatory non-root-disk PVC gate; LightGBM CPU runner path exists, but its internal image is not observed-digest-pinned and CPU-smoke-verified"
LGB,production-contention-c-lgb-cpu,Kueue,Single Pod,0,N/A,N/A,N/A,N/A,N/A,N/A,N/A,N/A,not-run,blocked,not-run-production-contention-c-lgb-cpu-kueue,"matrix execution_allowed=false — CPU-only pressure Jobs need a separate bounded policy and this row belongs to the unsafe 8+2 GPU concurrent pressure group.; N/A: not executed — quantfm-data local-path is on the root filesystem and fails the mandatory non-root-disk PVC gate; LightGBM CPU runner path exists, but its internal image is not observed-digest-pinned and CPU-smoke-verified; gpu-dev has no authorized LocalQueue; the prior one-time Kueue exception ended; new bounded authorization is absent"
LGB,production-contention-c-lgb-cpu,Volcano,Single Pod,0,N/A,N/A,N/A,N/A,N/A,N/A,N/A,N/A,not-run,blocked,not-run-production-contention-c-lgb-cpu-volcano,"matrix execution_allowed=false — CPU-only pressure Jobs need a separate bounded policy and this row belongs to the unsafe 8+2 GPU concurrent pressure group.; N/A: not executed — quantfm-data local-path is on the root filesystem and fails the mandatory non-root-disk PVC gate; LightGBM CPU runner path exists, but its internal image is not observed-digest-pinned and CPU-smoke-verified; Volcano Queue khalil-volcano-smoke is absent/not open; new PodGroup/Queue use lacks the dedicated admin and active maintenance authorization"
